,0
DPCERA3M086SBEA,0.20540535996209236
A014RE1Q156NBEA,-0.17916364471199728
OILPRICEx,0.16766139927980236
IPB51222S,-0.15882463420011264
PCEPILFE,-0.15817137527810682
EXPGSC1,-0.1567127879614854
IMPGSC1,0.15413253642794936
DMANEMP,0.14133366284498963
S&P 500,0.1356225714179384
UEMPMEAN,-0.12959261842297418
IPMAT,0.1255447527474035
UEMP15OV,0.12021406094500613
CES1021000001,0.11619673596974792
PCESVx,0.10625931739387552
USGOVT,0.09603207497153518
AMDMNOx,0.08888852843954007
PRFIx,0.08317772634741205
WPSID61,-0.08125435181201165
CMRMTSPLx,0.06764786386804085
DFSARG3Q086SBEA,0.06300361408799415
IPBUSEQ,0.062246759318833694
PCDGx,0.061983073403917885
T10YFFM,0.06013260576113965
UEMP5TO14,-0.05634788014392052
DHUTRG3Q086SBEA,0.05459909321554745
CPILFESL,0.05379018189843936
DGDSRG3Q086SBEA,-0.05245856077040426
NIKKEI225,0.05013489473451529
IPB51220SQ,-0.047662321209744785
DIFSRG3Q086SBEA,0.045082141063311015
NONBORRES,0.043875048824956145
UEMPLT5,-0.04291813019641814
PERMITS,0.04250809357034937
PCNDx,-0.0424088072144309
DSERRG3M086SBEA,-0.04214371736466012
B021RE1Q156NBEA,0.040465341856812755
M1REAL,-0.03913902800020575
LNS12032194,-0.03829064198858619
EXJPUSx,-0.03760957465946199
TB6M3Mx,-0.035463364990046806
CES9091000001,0.035225620514075906
HWIx,0.032866729329057626
GS5,0.032419649276716256
USEHS,-0.03074874193187108
NWPIx,-0.030721786964998367
EXSZUSx,0.030301252131562845
DREQRG3Q086SBEA,-0.029868613324766702
COMPAPFFx,0.028507339979650066
DHCERG3Q086SBEA,0.02660968811087575
EXCAUSx,0.025104170133822386
GS1TB3Mx,-0.02463990509694627
FGRECPTx,-0.02279036534668776
CPIAPPSL,-0.022707010993371773
M2SL,-0.02066679296296503
DMOTRG3Q086SBEA,0.019043453079458948
DDURRG3M086SBEA,0.01876441895082389
IPFUELS,0.018683092525119863
DOTSRG3Q086SBEA,0.01830658955472001
HNOREMQ027Sx,0.018160100385158997
GPDICTPI,-0.018131060287915814
TLBSNNCBx,-0.017355478292177227
OUTBS,-0.016684602189912023
INVEST,0.01572609266575695
IPDCONGD,0.015495770023793782
PPIACO,0.014265220492752617
OPHPBS,-0.014023403727439597
BUSLOANS,0.012909869786940444
PERMITMW,0.010556935709101675
TB3MS,-0.008424264112285928
DFDHRG3Q086SBEA,-0.007278880283538831
REALLN,0.006092504581446049
GS10,0.004391226535068392
S&P div yield,-0.0026999324184870986
CES2000000008x,-0.0023987663368523625
USMINE,-0.001617255073705966
DHLCRG3Q086SBEA,-0.00037686572043438445
CIVPART,0.00031130635002075193
GDPCTPI,0.0
PCECTPI,-0.0
HOUST5F,-0.0
HOANBS,-0.0
HOABS,0.0
LNS14000012,0.0
LNS14000025,0.0
LNS14000026,0.0
UNRATESTx,-0.0
CES9093000001,-0.0
CES9092000001,0.0
UNRATELTx,-0.0
USPBS,-0.0
USINFO,0.0
USSERV,-0.0
USLAH,0.0
DPIC96,0.0
SLCEx,0.0
OUTNFB,-0.0
IPB51110SQ,-0.0
USPRIV,0.0
Y033RC1Q027SBEAx,-0.0
GCEC1,0.0
DNDGRG3Q086SBEA,-0.0
DONGRG3Q086SBEA,-0.0
DGOERG3Q086SBEA,-0.0
DCLORG3Q086SBEA,-0.0
A823RL1Q225SBEA,0.0
FPIx,0.0
GPDIC1,-0.0
PCECC96,0.0
PNFIx,0.0
TNWMVBSNNCBx,-0.0
TTAABSNNCBx,-0.0
TLBSNNCBBDIx,-0.0
CONSPIx,-0.0
HWIURATIOx,-0.0
TARESAx,-0.0
TFAABSHNOx,-0.0
B020RE1Q156NBEA,0.0
TLBSHNOx,-0.0
LIABPIx,0.0
TNWBSHNOx,-0.0
CONSUMERx,-0.0
NONREVSLx,0.0
REALLNx,0.0
TOTALSLx,0.0
TABSHNOx,-0.0
ULCBS,0.0
BAA10YM,-0.0
ULCNFB,-0.0
UNLPNBS,-0.0
BOGMBASEREALx,-0.0
BUSLOANSx,0.0
GS10TB3Mx,0.0
DRCARG3Q086SBEA,0.0
DTRSRG3Q086SBEA,0.0
WPSFD4111,0.0
PPIIDC,0.0
WPU0561,-0.0
CES3000000008x,0.0
COMPRNFB,0.0
RCPHBS,-0.0
OPHNFB,0.0
DDURRG3Q086SBEA,-0.0
DSERRG3Q086SBEA,0.0
IPDBS,0.0
DODGRG3Q086SBEA,0.0
DFXARG3Q086SBEA,0.0
UNRATE,-0.0
CLF16OV,-0.0
CE16OV,0.0
USGOOD,0.0
PAYEMS,0.0
USCONS,-0.0
HWIURATIO,0.0
CUMFNS,0.0
HWI,-0.0
IPNMAT,0.0
IPMANSICS,0.0
IPCONGD,-0.0
IPFINAL,0.0
IPFPNSS,0.0
INDPRO,0.0
RETAILx,-0.0
W875RX1,-0.0
IPNCONGD,0.0
IPDMAT,0.0
RPI,0.0
CNCFx,0.0
TNWMVBSNNCBBDIx,-0.0
TLBSNNBx,-0.0
TNWBSNNBx,-0.0
TNWBSNNBBDIx,-0.0
TLBSNNBBDIx,-0.0
TABSNNBx,-0.0
PERMITW,0.0
PERMITNE,-0.0
HOUSTW,0.0
PERMIT,0.0
HOUSTS,0.0
HOUSTMW,-0.0
HOUST,0.0
HOUSTNE,0.0
CES0600000007,0.0
USFIRE,-0.0
AWHMAN,0.0
AWOTMAN,0.0
USTRADE,-0.0
SRVPRD,0.0
USTPU,0.0
USWTRADE,0.0
UEMP15T26,0.0
UEMP27OV,0.0
CLAIMSx,-0.0
NDMANEMP,0.0
MANEMP,0.0
ISRATIOx,0.0
CP3Mx,0.0
FEDFUNDS,0.0
NONREVSL,-0.0
CONSPI,0.0
TOTRESNS,-0.0
AMDMUOx,-0.0
BOGMBASE,0.0
M2REAL,-0.0
M1SL,0.0
BUSINVx,0.0
T5YFFM,0.0
T1YFFM,0.0
TB6SMFFM,0.0
TB3SMFFM,0.0
AAA,-0.0
BAA,0.0
GS1,0.0
TB6MS,-0.0
S&P PE ratio,0.0
WPSFD49502,-0.0
EXUSUKx,-0.0
WPSID62,-0.0
PPICMM,-0.0
WPSFD49207,-0.0
AAAFFM,0.0
BAAFFM,0.0
CPIMEDSL,0.0
CPITRNSL,-0.0
CPIAUCSL,0.0
CUSR0000SAC,-0.0
CPIULFSL,-0.0
CUSR0000SA0L2,-0.0
CUSR0000SAS,0.0
CUSR0000SAD,0.0
PCEPI,0.0
CUSR0000SA0L5,-0.0
CES0600000008,-0.0
DNDGRG3M086SBEA,-0.0
CES2000000008,0.0
CES3000000008,0.0
DTCOLNVHFNM,-0.0
DTCTHFNM,-0.0
