feature,min_p_value,best_lag,f_statistic,significant
IPFPNSS,5.9897260459687215e-15,1,71.39764248537335,True
IPMANSICS,4.1154657326250076e-14,1,66.28799070372689,True
INDPRO,1.5793118417631291e-13,1,62.782787971462106,True
IPFINAL,1.3050445569375665e-12,1,57.37700226225314,True
IPDCONGD,5.339816707740088e-12,1,53.8366960206637,True
PCESVx,1.6954038922227958e-11,1,50.97292794456576,True
DPCERA3M086SBEA,2.0210305810562272e-11,4,16.16803760548072,True
PERMIT,2.492474306845576e-11,4,16.023556270954497,True
CMRMTSPLx,3.4055873933570436e-11,1,49.260997020643025,True
CUMFNS,3.655202343765359e-11,1,49.08810081548282,True
CLAIMSx,4.393471276956854e-11,1,48.6390385542267,True
PRFIx,6.915839712502272e-11,1,47.535366235846105,True
IPCONGD,1.2414587701598896e-10,1,46.12007734757251,True
PERMITS,3.13890448823787e-10,4,14.300362081949917,True
HWIx,1.1738864857328606e-09,3,16.63122565094908,True
HOUSTS,1.4835868498710335e-09,4,13.263704502785735,True
HWI,1.725863704848892e-09,1,39.86328489436042,True
HOUST,1.7525580256217304e-09,4,13.153369275217207,True
FPIx,3.189718620398524e-09,1,38.42910155786216,True
PERMITMW,3.217314496642667e-09,4,12.752490557105805,True
IPNMAT,3.284899186135389e-09,1,38.36068979128852,True
USGOOD,3.81237892843839e-09,2,21.42405951141517,True
PAYEMS,5.0950142893740725e-09,3,15.385667825802932,True
IPMAT,5.266818287358268e-09,1,37.265361862039086,True
IPBUSEQ,2.2264896002786875e-08,3,14.15155452704359,True
PCECC96,2.602436280769547e-08,1,33.601611260818466,True
PERMITW,5.25281567360096e-08,3,13.441012999714847,True
A014RE1Q156NBEA,5.659397898424418e-08,2,18.184230702606175,True
HWIURATIO,1.2697105162551028e-07,1,30.032767383435193,True
AWOTMAN,2.787124896932128e-07,1,28.286935108141638,True
HWIURATIOx,3.782146962364357e-07,1,27.613470936335933,True
HOUSTW,4.0675652953190925e-07,3,11.768799694498306,True
ISRATIOx,6.705329360206451e-07,2,15.292114710394033,True
IPDMAT,6.862786707596452e-07,1,26.306239901514854,True
TB3SMFFM,7.692601313526018e-07,3,11.254401192782368,True
TABSHNOx,1.3683109496248421e-06,2,14.47109785467319,True
MANEMP,1.5040691093129643e-06,4,8.811105668469605,True
TNWBSHNOx,2.0921706548463194e-06,2,13.985137394673062,True
USCONS,2.340708430523182e-06,1,23.64461505257488,True
TFAABSHNOx,2.5490579191546638e-06,2,13.759797326921204,True
T1YFFM,2.789367871979204e-06,1,23.2675640191806,True
TB6SMFFM,2.885410705073707e-06,3,10.196168720028377,True
TARESAx,3.1302403708853928e-06,2,13.525964192378572,True
LNS12032194,4.307802584384976e-06,1,22.33676906016833,True
CPILFESL,4.541789303069289e-06,2,13.103439915873292,True
FEDFUNDS,4.886204817917316e-06,3,9.777777034169418,True
DMANEMP,5.223476300687916e-06,4,8.035759867566226,True
S&P div yield,6.276925849609462e-06,4,7.921903334764759,True
USPRIV,6.999287955006023e-06,2,12.614493021811686,True
LNS14000025,7.3259624865602914e-06,2,12.563046944281558,True
NDMANEMP,8.564334787555364e-06,1,20.87589935934682,True
CP3Mx,9.597816616349003e-06,3,9.244149978602138,True
USMINE,1.6624388223038788e-05,4,7.320500485427833,True
HOUSTMW,1.7107838331761077e-05,3,8.789547325617999,True
M2REAL,2.0523269573307012e-05,2,11.407577627590776,True
SRVPRD,3.152709265955352e-05,3,8.310928378716158,True
S&P 500,3.285609043367665e-05,2,10.883753097001629,True
UNLPNBS,3.4232719729623996e-05,1,17.97182387500311,True
T5YFFM,3.694592959195514e-05,4,6.829970671087617,True
USTRADE,4.18717231038119e-05,1,17.554405797544707,True
UNRATESTx,4.225031727213765e-05,1,17.53578181969194,True
CES1021000001,4.2262138664228276e-05,4,6.747599989018841,True
UEMP5TO14,6.549124227488551e-05,1,16.631928805981516,True
UNRATE,7.206167651311689e-05,1,16.435571413748352,True
BAA,7.935078339184092e-05,2,9.90895351303532,True
T10YFFM,9.238616321299509e-05,3,7.474302150416236,True
RETAILx,0.00011302349348505369,1,15.51511445048786,True
BAAFFM,0.00012130446978315814,4,6.1033548261505075,True
GS1,0.00014522849895937784,3,7.124143028622546,True
HNOREMQ027Sx,0.00015225410867457305,1,14.909376367589298,True
AAA,0.00021582880714749025,2,8.813261389549464,True
TB3MS,0.0002426842031811748,3,6.7278766924423845,True
AAAFFM,0.00025097847286385225,3,6.701983176248994,True
TB6MS,0.0003445575298974386,3,6.458061772478585,True
AMDMNOx,0.0003805834019787994,1,13.065682511399373,True
BAA10YM,0.0004803048564131214,2,7.945281167161203,True
PERMITNE,0.00048179128086765554,2,7.941942000598138,True
HOUST5F,0.0005093339682663708,1,12.485488234429594,True
NWPIx,0.0005128368942330884,2,7.874481512058593,True
RPI,0.0005145403563548228,1,12.465295362947423,True
USTPU,0.0007190165965256947,1,11.803090574375586,True
CPIMEDSL,0.0007317216473532215,3,5.879999562295037,True
DHLCRG3Q086SBEA,0.0008008626356030249,2,7.394203859682514,True
IMPGSC1,0.001351265995753233,1,10.566413952330683,True
B020RE1Q156NBEA,0.0015103407061381054,2,6.714371126394948,True
W875RX1,0.0020329767190858735,1,9.774603351528073,True
DPIC96,0.0022356742554598135,1,9.591413429023877,True
Y033RC1Q027SBEAx,0.0025410499999094505,1,9.345280321093723,True
PCNDx,0.0025655036308238196,1,9.326899068295653,True
HOUSTNE,0.002693664091030785,2,6.098176743891504,True
TLBSHNOx,0.0034858055403440874,4,4.062439854657772,True
IPNCONGD,0.003519772131188376,1,8.722397806108294,True
GS5,0.003723881527451021,3,4.637089989262334,True
USFIRE,0.00407678716396926,1,8.44322880187267,True
AMDMUOx,0.004560632409573083,3,4.482592946902325,True
HOANBS,0.0046184620322099945,1,8.20702749772633,True
PNFIx,0.00520209522565791,4,3.8185193847557257,True
OPHPBS,0.006354927418504871,1,7.606463430918627,True
USPBS,0.006373607425181776,1,7.600966280598012,True
BUSLOANS,0.0067635826159979,1,7.489845486636572,True
ULCBS,0.006934313205976844,2,5.098860165288145,True
TABSNNBx,0.00740145119884887,4,3.60316751721725,True
GS10,0.007503131456938321,2,5.015973817024023,True
DRCARG3Q086SBEA,0.008364593206669055,1,7.093970890324111,True
COMPAPFFx,0.008483161847533264,2,4.887039879999585,True
UEMPLT5,0.00880098749392656,1,6.999602890985517,True
BUSINVx,0.008931097207867443,2,4.833044998764516,True
HOABS,0.00929489970245772,1,6.898458553626834,True
LNS14000026,0.010156044531262948,1,6.734720435572446,True
EXPGSC1,0.010185621090504469,2,4.695249997318928,True
B021RE1Q156NBEA,0.010431358077107352,2,4.670277212074848,True
INVEST,0.010451035732267128,4,3.391817513572419,True
USLAH,0.011087439460167601,1,6.573056100057843,True
DHUTRG3Q086SBEA,0.011695902675265244,4,3.322715871745457,True
GPDICTPI,0.012036395555652014,4,3.3050807576834935,True
CE16OV,0.012195872518681462,1,6.398059237116168,True
PCDGx,0.012941734291935856,2,4.444659041966842,True
TNWBSNNBx,0.012950369963280934,1,6.28812286839705,True
GS10TB3Mx,0.013478019980014957,2,4.402232740942142,True
S&P PE ratio,0.014059159125748377,2,4.358141667517482,True
TB6M3Mx,0.014096346133242453,2,4.355383283206389,True
DFSARG3Q086SBEA,0.014207564583720474,3,3.616187366274701,True
NIKKEI225,0.02084944800169278,1,5.424939084257805,True
RCPHBS,0.023404186718526006,1,5.2179944898443384,True
DOTSRG3Q086SBEA,0.02341593368560624,4,2.894099448528187,True
A823RL1Q225SBEA,0.025072491591904902,1,5.095230521716712,True
TOTRESNS,0.02582448594545749,2,3.725145231548646,True
M1REAL,0.02661773582818769,2,3.6937512162973016,True
COMPRNFB,0.029688866648470293,1,4.795619533938042,True
USWTRADE,0.030101685675016733,1,4.771248535462563,True
AWHMAN,0.03059333729087564,2,3.5494285559546297,True
DONGRG3Q086SBEA,0.035470690325519874,2,3.3962886638862493,True
OPHNFB,0.03983550224085343,4,2.562255391776315,True
OUTNFB,0.03983921612240825,1,4.280437323082281,True
M2SL,0.04168071143141388,2,3.2295307985377284,True
ULCNFB,0.042046890303408975,3,2.7847676273701336,True
DFDHRG3Q086SBEA,0.04634217336718949,2,3.1200998546955745,True
WPSID62,0.0469091579700754,3,2.7004079562603494,True
USGOVT,0.05039795898392081,2,3.033580873970665,False
CUSR0000SAS,0.051569651550944264,3,2.627276394339239,False
DSERRG3Q086SBEA,0.05360706297354471,4,2.3748086065600056,False
M1SL,0.056038371307964095,1,3.6937360233439547,False
DTCOLNVHFNM,0.059720515880328645,4,2.3061882939617764,False
CES0600000008,0.06252824289874366,1,3.5081053445197163,False
GCEC1,0.06851574322051746,1,3.354338250550911,False
DTRSRG3Q086SBEA,0.06913605171349074,3,2.4001941553060493,False
CES9093000001,0.0716169273144643,3,2.3727967469179188,False
DHCERG3Q086SBEA,0.07176005250291412,4,2.188867754362669,False
UEMP15T26,0.083620825416221,4,2.090475714046291,False
PCECTPI,0.08411940022665722,4,2.086638396669736,False
WPU0561,0.09156600665905981,4,2.0317666459271435,False
PCEPILFE,0.0950831931107366,4,2.0073105793132506,False
CES2000000008,0.09624925966067624,1,2.792856687469184,False
DTCTHFNM,0.09761144888291746,4,1.9902557555196623,False
CES0600000007,0.10258930345657195,2,2.303544509353243,False
TOTALSLx,0.10578298639340793,1,2.6399299399531984,False
PPICMM,0.11504842743591281,2,2.186312737152469,False
DDURRG3M086SBEA,0.11587033484301813,3,1.9964870513443496,False
GS1TB3Mx,0.12265446455011893,1,2.4033783956566497,False
IPB51110SQ,0.12585749309392366,1,2.362574092623288,False
LIABPIx,0.1319977933339118,3,1.8936186269071922,False
CUSR0000SAD,0.1364086150685552,2,2.012381354668651,False
WPSFD4111,0.13696166668310628,1,2.229635311782716,False
DCLORG3Q086SBEA,0.13954904649852803,4,1.7554140406943979,False
GPDIC1,0.1478755895337193,2,1.930049629876286,False
USSERV,0.14915152777136836,1,2.097028781022756,False
LNS14000012,0.1524400668811014,1,2.063354700657948,False
UEMP15OV,0.15372488099451218,1,2.0504227249908316,False
BUSLOANSx,0.15448167205691818,2,1.8854990040541408,False
PPIACO,0.15686828885942006,1,2.019297061337213,False
CPIAUCSL,0.173507736719227,2,1.7671987414808408,False
TLBSNNCBx,0.17435213127521107,1,1.8583143798697712,False
CES9092000001,0.1785811561681633,3,1.6529252447779232,False
CES3000000008x,0.17972511855492457,2,1.731367130121681,False
USINFO,0.1814106602336929,4,1.579343064589685,False
UEMP27OV,0.1831823729116914,2,1.7119804272949357,False
DODGRG3Q086SBEA,0.18862473377173178,2,1.682198723706972,False
GDPCTPI,0.19513639508896916,4,1.529701385509528,False
CUSR0000SA0L5,0.19842838471116095,2,1.630677900092554,False
IPB51222S,0.19927060982369238,4,1.5153692403509882,False
NONBORRES,0.20088698500675828,2,1.6181605855508123,False
WPSID61,0.20117515197593278,4,1.5088568821050614,False
DFXARG3Q086SBEA,0.20458563893942278,1,1.6198831065790877,False
UNRATELTx,0.20878186418192646,2,1.5789874830836248,False
NONREVSLx,0.2203081706155431,1,1.5118062425235592,False
DIFSRG3Q086SBEA,0.22035229173937043,3,1.48338165166482,False
IPDBS,0.22196161300152462,4,1.4411691314890607,False
FGRECPTx,0.2244838056427302,3,1.468293508646236,False
REALLNx,0.23084094107797937,1,1.4444549455494613,False
CONSPIx,0.23638621806848428,3,1.4262313380963119,False
DDURRG3Q086SBEA,0.2387414369449525,2,1.4428395328473504,False
EXJPUSx,0.26866927304864163,2,1.3230813556391654,False
DSERRG3M086SBEA,0.2723625425522022,1,1.211478134929538,False
PPIIDC,0.2831140560839277,4,1.2703272393932306,False
DGDSRG3Q086SBEA,0.29634430881781315,4,1.2376433868440242,False
DGOERG3Q086SBEA,0.3274922787866076,4,1.1653120314196732,False
DNDGRG3Q086SBEA,0.327854422223623,4,1.1645054981687095,False
UEMPMEAN,0.33263133040904674,2,1.1068936724223544,False
CONSUMERx,0.3402928179416874,1,0.9136838655691174,False
CONSPI,0.3450148338683758,3,1.1129491689291746,False
TLBSNNCBBDIx,0.353192635139316,1,0.865979555243529,False
SLCEx,0.35921210755108074,3,1.078836392921233,False
OUTBS,0.36950412083175066,1,0.8089783172924959,False
CES3000000008,0.37332237889932474,3,1.046085395371076,False
BOGMBASEREALx,0.37408960065101393,2,0.9881839217116062,False
CNCFx,0.3937595353796697,3,1.0005069410168959,False
CES2000000008x,0.4097093775738364,2,0.8963611240262862,False
CPIULFSL,0.41413026283919885,2,0.8855315514015314,False
REALLN,0.4513627882864788,1,0.5694560480776782,False
OILPRICEx,0.46130153780384076,3,0.8629476874914038,False
PCEPI,0.4730088902662761,2,0.7514933089356091,False
CLF16OV,0.479674326806685,3,0.828424568144539,False
NONREVSL,0.5002260746348686,1,0.45611340833124536,False
DREQRG3Q086SBEA,0.5013563235357665,4,0.8399715609579471,False
TNWBSNNBBDIx,0.5049427811767588,3,0.7826263381998076,False
EXUSUKx,0.5151601762257656,2,0.6655156082283654,False
BOGMBASE,0.5367736102656857,2,0.6241480073856608,False
TLBSNNBBDIx,0.5453177999535148,4,0.770973758188336,False
TNWMVBSNNCBBDIx,0.5804731231927387,1,0.3064694979435719,False
USEHS,0.587132946972611,1,0.29580050748070913,False
WPSFD49502,0.609397664025999,1,0.26187765590540113,False
DMOTRG3Q086SBEA,0.6250986993615779,2,0.47096809036523124,False
TTAABSNNCBx,0.6333956134609922,3,0.5730381831303796,False
WPSFD49207,0.6384636838208406,1,0.2214320761022153,False
IPB51220SQ,0.6401771249393571,1,0.21917750668164881,False
EXCAUSx,0.6421758823710755,4,0.6292862086504919,False
DNDGRG3M086SBEA,0.6887502386802027,2,0.3735832346531407,False
CIVPART,0.6993397414808318,1,0.1495888863626378,False
CPITRNSL,0.7038824796926806,1,0.14487848233041947,False
CES9091000001,0.7113424217838482,1,0.137329681533326,False
IPFUELS,0.7217662084504435,2,0.3265942503089708,False
CUSR0000SA0L2,0.7319327856496991,4,0.5052323296300495,False
TNWMVBSNNCBx,0.8327443649106352,1,0.04471494998375649,False
TLBSNNBx,0.8520369150863426,3,0.2629412867670202,False
EXSZUSx,0.8532114521683307,4,0.3363850215198771,False
CUSR0000SAC,0.875075176210546,2,0.1335359158785857,False
CPIAPPSL,0.8768150972213308,1,0.02408903943662529,False
